timestamp,action,vertical,strategy,pair,size,status
2026-04-27T16:06:48Z,LIVE_ACTIVATION,trading,Momentum,BTC/ETH,0.01 BTC,ACTIVE
2026-04-27T16:07:06Z,POSITION_OPEN,trading,Momentum,BTC/ETH,0.01 BTC,ACTIVE
2026-04-27T16:40:25Z,POSITION_SCALE,trading,Momentum,BTC/ETH,0.02 BTC,ACTIVE
2026-04-27T16:40:57Z,BILLING_CHARGE,api-as-a-service,Echo,IMAGE_GEN,$0.01,SUCCESS,Remaining: $999.99
2026-04-27T16:50:29Z,GRANT_DRAFT_COMPLETE,nova,Federal Grant Proposal,N/A,2500 (Projected),SUCCESS
2026-04-27T16:51:40Z,SAAS_DEPLOY_COMPLETE,forge,Optimizr SaaS,N/A,.00/mo,SUCCESS
2026-04-27T17:11:04Z,GRANT_UPDATE,nova,Federal Grant Proposal,N/A,UNDER_REVIEW,SUCCESS
2026-04-27T17:11:04Z,POSITION_SCALE,trading,Momentum,BTC/ETH,0.03 BTC,ACTIVE
2026-04-27T17:51:50Z,MARKETING_LAUNCH,forge,Optimizr,HN,DRAFT_READY,N/A
2026-04-27T17:51:50Z,MARKETING_LAUNCH,forge,Optimizr,PH,DRAFT_READY,N/A
2026-04-27T17:51:50Z,MARKETING_LAUNCH,forge,Optimizr,Reddit,DRAFT_READY,N/A
